"transcript","allreads"
24.0305778952934,3.2877008937007
6.4039918580934,NA
15.4678044870127,NA
NA,NA
161.030684859699,NA
11.4069929585605,NA
181.010144663679,NA
